Category,Headline,Slug,Subject/Question,Description,Linked celebrity,Seed Support,Seed Neutral,Seed Oppose
Tech,X AI and SpaceX merging,x-ai-and-spacex-merging,Do you support X AI and SpaceX merging?,"This poll looks at a technology trend and its likely impact on society, markets, and users. Consider the potential benefits, risks, and trade-offs linked to “X AI and SpaceX merging”, then choose Support, Neutral, or Oppose.",,128,198,185
Tech,Crypto becoming mainstream global…,crypto-becoming-mainstream-global-finance,Do you support Crypto becoming mainstream global finance?,"This poll looks at a technology trend and its likely impact on society, markets, and users. Consider the potential benefits, risks, and trade-offs linked to “Crypto becoming mainstream global finance”, then choose Support, Neutral, or Oppose.",,252,201,118
Tech,SpaceX and Tesla merging,spacex-and-tesla-merging,Do you support SpaceX and Tesla merging?,"This poll looks at a technology trend and its likely impact on society, markets, and users. Consider the potential benefits, risks, and trade-offs linked to “SpaceX and Tesla merging”, then choose Support, Neutral, or Oppose.",,139,195,129
Tech,AI replacing most office jobs,ai-replacing-most-office-jobs,Do you support AI replacing most office jobs?,"This poll looks at a technology trend and its likely impact on society, markets, and users. Consider the potential benefits, risks, and trade-offs linked to “AI replacing most office jobs”, then choose Support, Neutral, or Oppose.",,92,179,264
Tech,BlackRock launching DeFi,blackrock-launching-defi-on-ethereum,Do you support BlackRock launching DeFi on Ethereum?,"This poll looks at a technology trend and its likely impact on society, markets, and users. Consider the potential benefits, risks, and trade-offs linked to “BlackRock launching DeFi on Ethereum”, then choose Support, Neutral, or Oppose.",,70,247,156
Tech,Neuralink implanting chips,neuralink-implanting-chips-in-the-human-brain,Do you support Neuralink implanting chips in the human brain?,"This poll looks at a technology trend and its likely impact on society, markets, and users. Consider the potential benefits, risks, and trade-offs linked to “Neuralink implanting chips in the human brain”, then choose Support, Neutral, or Oppose.",,99,103,300
Tech,Governments regulating AI strictly,governments-regulating-ai-strictly,Do you support Governments regulating AI strictly?,"This poll looks at a technology trend and its likely impact on society, markets, and users. Consider the potential benefits, risks, and trade-offs linked to “Governments regulating AI strictly”, then choose Support, Neutral, or Oppose.",,87,282,93
Tech,Open-source AI being freely availa…,open-source-ai-being-freely-available,Do you support Open-source AI being freely available?,"This poll looks at a technology trend and its likely impact on society, markets, and users. Consider the potential benefits, risks, and trade-offs linked to “Open-source AI being freely available”, then choose Support, Neutral, or Oppose.",,93,197,62
Tech,TikTok being banned,tiktok-being-banned-in-certain-countries,Do you support TikTok being banned in certain countries?,"This poll looks at a technology trend and its likely impact on society, markets, and users. Consider the potential benefits, risks, and trade-offs linked to “TikTok being banned in certain countries”, then choose Support, Neutral, or Oppose.",,20,54,257
Tech,Central Bank Digital Currencies (C…,central-bank-digital-currencies-cbdcs,Do you support Central Bank Digital Currencies (CBDCs)?,"This poll looks at a technology trend and its likely impact on society, markets, and users. Consider the potential benefits, risks, and trade-offs linked to “Central Bank Digital Currencies (CBDCs)”, then choose Support, Neutral, or Oppose.",,58,110,166
Tech,Apple launching AI-powered persona…,apple-launching-ai-powered-personal-assistants,Do you support Apple launching AI-powered personal assistants?,"This poll looks at a technology trend and its likely impact on society, markets, and users. Consider the potential benefits, risks, and trade-offs linked to “Apple launching AI-powered personal assistants”, then choose Support, Neutral, or Oppose.",,95,161,64
Tech,Tesla robotaxis replacing taxis,tesla-robotaxis-replacing-taxis,Do you support Tesla robotaxis replacing taxis?,"This poll looks at a technology trend and its likely impact on society, markets, and users. Consider the potential benefits, risks, and trade-offs linked to “Tesla robotaxis replacing taxis”, then choose Support, Neutral, or Oppose.",,70,107,294
Tech,Humanoid robots,humanoid-robots-in-everyday-workplaces,Do you support Humanoid robots in everyday workplaces?,"This poll looks at a technology trend and its likely impact on society, markets, and users. Consider the potential benefits, risks, and trade-offs linked to “Humanoid robots in everyday workplaces”, then choose Support, Neutral, or Oppose.",,93,200,165
Tech,Cashless societies,cashless-societies,Do you support Cashless societies?,"This poll looks at a technology trend and its likely impact on society, markets, and users. Consider the potential benefits, risks, and trade-offs linked to “Cashless societies”, then choose Support, Neutral, or Oppose.",,75,107,116
Tech,Self-driving cars replacing human…,self-driving-cars-replacing-human-drivers,Do you support Self-driving cars replacing human drivers?,"This poll looks at a technology trend and its likely impact on society, markets, and users. Consider the potential benefits, risks, and trade-offs linked to “Self-driving cars replacing human drivers”, then choose Support, Neutral, or Oppose.",,76,206,163
Tech,AI-generated movies and music,ai-generated-movies-and-music,Do you support AI-generated movies and music?,"This poll looks at a technology trend and its likely impact on society, markets, and users. Consider the potential benefits, risks, and trade-offs linked to “AI-generated movies and music”, then choose Support, Neutral, or Oppose.",,180,189,124
Tech,Big Tech companies being broken up,big-tech-companies-being-broken-up,Do you support Big Tech companies being broken up?,"This poll looks at a technology trend and its likely impact on society, markets, and users. Consider the potential benefits, risks, and trade-offs linked to “Big Tech companies being broken up”, then choose Support, Neutral, or Oppose.",,162,270,191
Tech,Quantum computing,quantum-computing-for-national-security,Do you support Quantum computing for national security?,"This poll looks at a technology trend and its likely impact on society, markets, and users. Consider the potential benefits, risks, and trade-offs linked to “Quantum computing for national security”, then choose Support, Neutral, or Oppose.",,187,300,185
Tech,Social media age restrictions,social-media-age-restrictions,Do you support Social media age restrictions?,"This poll looks at a technology trend and its likely impact on society, markets, and users. Consider the potential benefits, risks, and trade-offs linked to “Social media age restrictions”, then choose Support, Neutral, or Oppose.",,102,279,151
Tech,Facial recognition in public spaces,facial-recognition-in-public-spaces,Do you support Facial recognition in public spaces?,"This poll looks at a technology trend and its likely impact on society, markets, and users. Consider the potential benefits, risks, and trade-offs linked to “Facial recognition in public spaces”, then choose Support, Neutral, or Oppose.",,74,300,113
Tech,AI tutors replacing school teachers,ai-tutors-replacing-school-teachers,Do you support AI tutors replacing school teachers?,"This poll looks at a technology trend and its likely impact on society, markets, and users. Consider the potential benefits, risks, and trade-offs linked to “AI tutors replacing school teachers”, then choose Support, Neutral, or Oppose.",,102,105,247
Tech,Space tourism for the wealthy,space-tourism-for-the-wealthy,Do you support Space tourism for the wealthy?,"This poll looks at a technology trend and its likely impact on society, markets, and users. Consider the potential benefits, risks, and trade-offs linked to “Space tourism for the wealthy”, then choose Support, Neutral, or Oppose.",,50,132,93
Tech,Private companies owning space inf…,private-companies-owning-space-infrastructure,Do you support Private companies owning space infrastructure?,"This poll looks at a technology trend and its likely impact on society, markets, and users. Consider the potential benefits, risks, and trade-offs linked to “Private companies owning space infrastructure”, then choose Support, Neutral, or Oppose.",,85,184,136
Tech,Digital IDs for all citizens,digital-ids-for-all-citizens,Do you support Digital IDs for all citizens?,"This poll looks at a technology trend and its likely impact on society, markets, and users. Consider the potential benefits, risks, and trade-offs linked to “Digital IDs for all citizens”, then choose Support, Neutral, or Oppose.",,280,230,148
Tech,Mandatory cybersecurity standards,mandatory-cybersecurity-standards-for-companies,Do you support Mandatory cybersecurity standards for companies?,"This poll looks at a technology trend and its likely impact on society, markets, and users. Consider the potential benefits, risks, and trade-offs linked to “Mandatory cybersecurity standards for companies”, then choose Support, Neutral, or Oppose.",,52,111,167
Tech,Government regulation of crypto,government-regulation-of-crypto,Do you support Government regulation of crypto?,"This poll looks at a technology trend and its likely impact on society, markets, and users. Consider the potential benefits, risks, and trade-offs linked to “Government regulation of crypto”, then choose Support, Neutral, or Oppose.",,119,300,107
Tech,Bitcoin as a global reserve asset,bitcoin-as-a-global-reserve-asset,Do you support Bitcoin as a global reserve asset?,"This poll looks at a technology trend and its likely impact on society, markets, and users. Consider the potential benefits, risks, and trade-offs linked to “Bitcoin as a global reserve asset”, then choose Support, Neutral, or Oppose.",,125,281,164
Tech,AI weapons in military use,ai-weapons-in-military-use,Do you support AI weapons in military use?,"This poll looks at a technology trend and its likely impact on society, markets, and users. Consider the potential benefits, risks, and trade-offs linked to “AI weapons in military use”, then choose Support, Neutral, or Oppose.",,20,57,239
Tech,Universal internet access as a hum…,universal-internet-access-as-a-human-right,Do you support Universal internet access as a human right?,"This poll looks at a technology trend and its likely impact on society, markets, and users. Consider the potential benefits, risks, and trade-offs linked to “Universal internet access as a human right”, then choose Support, Neutral, or Oppose.",,205,300,205
Tech,Smart cities with full data tracki…,smart-cities-with-full-data-tracking,Do you support Smart cities with full data tracking?,"This poll looks at a technology trend and its likely impact on society, markets, and users. Consider the potential benefits, risks, and trade-offs linked to “Smart cities with full data tracking”, then choose Support, Neutral, or Oppose.",,204,300,193
Tech,Metaverse-style virtual workspaces,metaverse-style-virtual-workspaces,Do you support Metaverse-style virtual workspaces?,"This poll looks at a technology trend and its likely impact on society, markets, and users. Consider the potential benefits, risks, and trade-offs linked to “Metaverse-style virtual workspaces”, then choose Support, Neutral, or Oppose.",,203,194,130
Tech,Subscription-only social media pla…,subscription-only-social-media-platforms,Do you support Subscription-only social media platforms?,"This poll looks at a technology trend and its likely impact on society, markets, and users. Consider the potential benefits, risks, and trade-offs linked to “Subscription-only social media platforms”, then choose Support, Neutral, or Oppose.",,251,220,237
Tech,Elon Musk owning multiple major te…,elon-musk-owning-multiple-major-tech-companies,Do you support Elon Musk owning multiple major tech companies?,"This poll looks at a technology trend and its likely impact on society, markets, and users. Consider the potential benefits, risks, and trade-offs linked to “Elon Musk owning multiple major tech companies”, then choose Support, Neutral, or Oppose.",Elon Musk,62,130,31
Tech,AI companions for emotional support,ai-companions-for-emotional-support,Do you support AI companions for emotional support?,"This poll looks at a technology trend and its likely impact on society, markets, and users. Consider the potential benefits, risks, and trade-offs linked to “AI companions for emotional support”, then choose Support, Neutral, or Oppose.",,134,300,90
Tech,Genetic engineering,genetic-engineering-for-intelligence,Do you support Genetic engineering for intelligence?,"This poll looks at a technology trend and its likely impact on society, markets, and users. Consider the potential benefits, risks, and trade-offs linked to “Genetic engineering for intelligence”, then choose Support, Neutral, or Oppose.",,34,149,98
Tech,Fully autonomous delivery drones,fully-autonomous-delivery-drones,Do you support Fully autonomous delivery drones?,"This poll looks at a technology trend and its likely impact on society, markets, and users. Consider the potential benefits, risks, and trade-offs linked to “Fully autonomous delivery drones”, then choose Support, Neutral, or Oppose.",,209,216,111
Tech,Augmented reality replacing smartp…,augmented-reality-replacing-smartphones,Do you support Augmented reality replacing smartphones?,"This poll looks at a technology trend and its likely impact on society, markets, and users. Consider the potential benefits, risks, and trade-offs linked to “Augmented reality replacing smartphones”, then choose Support, Neutral, or Oppose.",,66,104,204
Tech,Tech companies controlling digital…,tech-companies-controlling-digital-identity,Do you support Tech companies controlling digital identity?,"This poll looks at a technology trend and its likely impact on society, markets, and users. Consider the potential benefits, risks, and trade-offs linked to “Tech companies controlling digital identity”, then choose Support, Neutral, or Oppose.",,187,236,252
Tech,AI-generated influencers,ai-generated-influencers,Do you support AI-generated influencers?,"This poll looks at a technology trend and its likely impact on society, markets, and users. Consider the potential benefits, risks, and trade-offs linked to “AI-generated influencers”, then choose Support, Neutral, or Oppose.",,81,182,186
Tech,Brain-computer interfaces,brain-computer-interfaces-for-gaming,Do you support Brain-computer interfaces for gaming?,"This poll looks at a technology trend and its likely impact on society, markets, and users. Consider the potential benefits, risks, and trade-offs linked to “Brain-computer interfaces for gaming”, then choose Support, Neutral, or Oppose.",,115,298,245
Politics,Nicki Minaj supporting Trump/MAGA,nicki-minaj-supporting-trump-maga,Do you support Nicki Minaj supporting Trump/MAGA?,"This poll asks for your view on a political issue, policy, or public figure development. Consider the potential benefits, risks, and trade-offs linked to “Nicki Minaj supporting Trump/MAGA”, then choose Support, Neutral, or Oppose.",Nicki Minaj,178,248,223
Politics,Rupert Lowe launching Restore Brit…,rupert-lowe-launching-restore-britain,Do you support Rupert Lowe launching Restore Britain?,"This poll asks for your view on a political issue, policy, or public figure development. Consider the potential benefits, risks, and trade-offs linked to “Rupert Lowe launching Restore Britain”, then choose Support, Neutral, or Oppose.",,115,214,112
Politics,sovereign country should have stri…,a-sovereign-country-should-have-strict-border-control,Do you support A sovereign country should have strict border control?,"This poll asks for your view on a political issue, policy, or public figure development. Consider the potential benefits, risks, and trade-offs linked to “A sovereign country should have strict border control”, then choose Support, Neutral, or Oppose.",,190,300,185
Politics,Abortion rights expansion,abortion-rights-expansion,Do you support Abortion rights expansion?,"This poll asks for your view on a political issue, policy, or public figure development. Consider the potential benefits, risks, and trade-offs linked to “Abortion rights expansion”, then choose Support, Neutral, or Oppose.",,201,259,163
Politics,Save America Act requiring voter ID,the-save-america-act-requiring-voter-id,Do you support The Save America Act requiring voter ID?,"This poll asks for your view on a political issue, policy, or public figure development. Consider the potential benefits, risks, and trade-offs linked to “The Save America Act requiring voter ID”, then choose Support, Neutral, or Oppose.",,222,267,134
Politics,ICE immigration enforcement polici…,ice-immigration-enforcement-policies,Do you support ICE immigration enforcement policies?,"This poll asks for your view on a political issue, policy, or public figure development. Consider the potential benefits, risks, and trade-offs linked to “ICE immigration enforcement policies”, then choose Support, Neutral, or Oppose.",,281,245,184
Politics,Transgender men competing,transgender-men-competing-in-womens-sports,Do you support Transgender men competing in women’s sports?,"This poll asks for your view on a political issue, policy, or public figure development. Consider the potential benefits, risks, and trade-offs linked to “Transgender men competing in women’s sports”, then choose Support, Neutral, or Oppose.",,127,207,69
Politics,Universal basic income,universal-basic-income,Do you support Universal basic income?,"This poll asks for your view on a political issue, policy, or public figure development. Consider the potential benefits, risks, and trade-offs linked to “Universal basic income”, then choose Support, Neutral, or Oppose.",,230,112,50
Politics,Wealth taxes on billionaires,wealth-taxes-on-billionaires,Do you support Wealth taxes on billionaires?,"This poll asks for your view on a political issue, policy, or public figure development. Consider the potential benefits, risks, and trade-offs linked to “Wealth taxes on billionaires”, then choose Support, Neutral, or Oppose.",,40,181,289
Politics,Mandatory national service,mandatory-national-service,Do you support Mandatory national service?,"This poll asks for your view on a political issue, policy, or public figure development. Consider the potential benefits, risks, and trade-offs linked to “Mandatory national service”, then choose Support, Neutral, or Oppose.",,127,169,238
Politics,Term limits for politicians,term-limits-for-politicians,Do you support Term limits for politicians?,"This poll asks for your view on a political issue, policy, or public figure development. Consider the potential benefits, risks, and trade-offs linked to “Term limits for politicians”, then choose Support, Neutral, or Oppose.",,135,246,110
Politics,Legalization of recreational canna…,legalization-of-recreational-cannabis-worldwide,Do you support Legalization of recreational cannabis worldwide?,"This poll asks for your view on a political issue, policy, or public figure development. Consider the potential benefits, risks, and trade-offs linked to “Legalization of recreational cannabis worldwide”, then choose Support, Neutral, or Oppose.",,120,300,186
Politics,Raising the retirement age,raising-the-retirement-age,Do you support Raising the retirement age?,"This poll asks for your view on a political issue, policy, or public figure development. Consider the potential benefits, risks, and trade-offs linked to “Raising the retirement age”, then choose Support, Neutral, or Oppose.",,20,93,88
Politics,Climate change emergency policies,climate-change-emergency-policies,Do you support Climate change emergency policies?,"This poll asks for your view on a political issue, policy, or public figure development. Consider the potential benefits, risks, and trade-offs linked to “Climate change emergency policies”, then choose Support, Neutral, or Oppose.",,118,138,85
Politics,Government subsidies,government-subsidies-for-electric-vehicles,Do you support Government subsidies for electric vehicles?,"This poll asks for your view on a political issue, policy, or public figure development. Consider the potential benefits, risks, and trade-offs linked to “Government subsidies for electric vehicles”, then choose Support, Neutral, or Oppose.",,161,300,67
Politics,Banning fossil fuel cars by 2035,banning-fossil-fuel-cars-by-2035,Do you support Banning fossil fuel cars by 2035?,"This poll asks for your view on a political issue, policy, or public figure development. Consider the potential benefits, risks, and trade-offs linked to “Banning fossil fuel cars by 2035”, then choose Support, Neutral, or Oppose.",,22,91,117
Politics,Student debt forgiveness,student-debt-forgiveness,Do you support Student debt forgiveness?,"This poll asks for your view on a political issue, policy, or public figure development. Consider the potential benefits, risks, and trade-offs linked to “Student debt forgiveness”, then choose Support, Neutral, or Oppose.",,209,300,210
Politics,Stricter gun control laws,stricter-gun-control-laws,Do you support Stricter gun control laws?,"This poll asks for your view on a political issue, policy, or public figure development. Consider the potential benefits, risks, and trade-offs linked to “Stricter gun control laws”, then choose Support, Neutral, or Oppose.",,162,300,170
Politics,Open borders immigration policies,open-borders-immigration-policies,Do you support Open borders immigration policies?,"This poll asks for your view on a political issue, policy, or public figure development. Consider the potential benefits, risks, and trade-offs linked to “Open borders immigration policies”, then choose Support, Neutral, or Oppose.",,258,142,149
Politics,Global carbon tax,global-carbon-tax,Do you support Global carbon tax?,"This poll asks for your view on a political issue, policy, or public figure development. Consider the potential benefits, risks, and trade-offs linked to “Global carbon tax”, then choose Support, Neutral, or Oppose.",,96,110,177
Politics,AI surveillance for public safety,ai-surveillance-for-public-safety,Do you support AI surveillance for public safety?,"This poll asks for your view on a political issue, policy, or public figure development. Consider the potential benefits, risks, and trade-offs linked to “AI surveillance for public safety”, then choose Support, Neutral, or Oppose.",,20,98,209
Politics,Online censorship to fight misinfo…,online-censorship-to-fight-misinformation,Do you support Online censorship to fight misinformation?,"This poll asks for your view on a political issue, policy, or public figure development. Consider the potential benefits, risks, and trade-offs linked to “Online censorship to fight misinformation”, then choose Support, Neutral, or Oppose.",,178,220,300
Politics,Lowering the voting age to 16,lowering-the-voting-age-to-16,Do you support Lowering the voting age to 16?,"This poll asks for your view on a political issue, policy, or public figure development. Consider the potential benefits, risks, and trade-offs linked to “Lowering the voting age to 16”, then choose Support, Neutral, or Oppose.",,106,97,73
Politics,Higher taxes on corporations,higher-taxes-on-corporations,Do you support Higher taxes on corporations?,"This poll asks for your view on a political issue, policy, or public figure development. Consider the potential benefits, risks, and trade-offs linked to “Higher taxes on corporations”, then choose Support, Neutral, or Oppose.",,165,262,279
Politics,Privatization of healthcare,privatization-of-healthcare,Do you support Privatization of healthcare?,"This poll asks for your view on a political issue, policy, or public figure development. Consider the potential benefits, risks, and trade-offs linked to “Privatization of healthcare”, then choose Support, Neutral, or Oppose.",,300,193,198
Politics,Free university education,free-university-education,Do you support Free university education?,"This poll asks for your view on a political issue, policy, or public figure development. Consider the potential benefits, risks, and trade-offs linked to “Free university education”, then choose Support, Neutral, or Oppose.",,48,150,49
Politics,Nuclear energy expansion,nuclear-energy-expansion,Do you support Nuclear energy expansion?,"This poll asks for your view on a political issue, policy, or public figure development. Consider the potential benefits, risks, and trade-offs linked to “Nuclear energy expansion”, then choose Support, Neutral, or Oppose.",,127,235,159
Politics,Military spending increases,military-spending-increases,Do you support Military spending increases?,"This poll asks for your view on a political issue, policy, or public figure development. Consider the potential benefits, risks, and trade-offs linked to “Military spending increases”, then choose Support, Neutral, or Oppose.",,209,300,204
Politics,Mandatory voting laws,mandatory-voting-laws,Do you support Mandatory voting laws?,"This poll asks for your view on a political issue, policy, or public figure development. Consider the potential benefits, risks, and trade-offs linked to “Mandatory voting laws”, then choose Support, Neutral, or Oppose.",,57,110,206
Politics,Political advertising bans,political-advertising-bans-on-social-media,Do you support Political advertising bans on social media?,"This poll asks for your view on a political issue, policy, or public figure development. Consider the potential benefits, risks, and trade-offs linked to “Political advertising bans on social media”, then choose Support, Neutral, or Oppose.",,108,83,205
Politics,State control of major industries,state-control-of-major-industries,Do you support State control of major industries?,"This poll asks for your view on a political issue, policy, or public figure development. Consider the potential benefits, risks, and trade-offs linked to “State control of major industries”, then choose Support, Neutral, or Oppose.",,89,257,47
Politics,Public housing expansion,public-housing-expansion,Do you support Public housing expansion?,"This poll asks for your view on a political issue, policy, or public figure development. Consider the potential benefits, risks, and trade-offs linked to “Public housing expansion”, then choose Support, Neutral, or Oppose.",,104,169,86
Politics,Government regulation of AI speech,government-regulation-of-ai-speech,Do you support Government regulation of AI speech?,"This poll asks for your view on a political issue, policy, or public figure development. Consider the potential benefits, risks, and trade-offs linked to “Government regulation of AI speech”, then choose Support, Neutral, or Oppose.",,45,256,39
Politics,Digital currencies issued by govts,digital-currencies-issued-by-governments,Do you support Digital currencies issued by governments?,"This poll asks for your view on a political issue, policy, or public figure development. Consider the potential benefits, risks, and trade-offs linked to “Digital currencies issued by governments”, then choose Support, Neutral, or Oppose.",,126,300,228
Politics,Sanctions as a foreign policy tool,sanctions-as-a-foreign-policy-tool,Do you support Sanctions as a foreign policy tool?,"This poll asks for your view on a political issue, policy, or public figure development. Consider the potential benefits, risks, and trade-offs linked to “Sanctions as a foreign policy tool”, then choose Support, Neutral, or Oppose.",,49,95,55
Politics,A global minimum corporate tax,a-global-minimum-corporate-tax,Do you support A global minimum corporate tax?,"This poll asks for your view on a political issue, policy, or public figure development. Consider the potential benefits, risks, and trade-offs linked to “A global minimum corporate tax”, then choose Support, Neutral, or Oppose.",,178,300,212
Politics,Expanding NATO,expanding-nato,Do you support Expanding NATO?,"This poll asks for your view on a political issue, policy, or public figure development. Consider the potential benefits, risks, and trade-offs linked to “Expanding NATO”, then choose Support, Neutral, or Oppose.",,114,155,39
Politics,Term limits for supreme courts,term-limits-for-supreme-courts,Do you support Term limits for supreme courts?,"This poll asks for your view on a political issue, policy, or public figure development. Consider the potential benefits, risks, and trade-offs linked to “Term limits for supreme courts”, then choose Support, Neutral, or Oppose.",,119,214,193
Politics,Climate lockdown-style policies,climate-lockdown-style-policies,Do you support Climate lockdown-style policies?,"This poll asks for your view on a political issue, policy, or public figure development. Consider the potential benefits, risks, and trade-offs linked to “Climate lockdown-style policies”, then choose Support, Neutral, or Oppose.",,90,78,55
Politics,Nationalization of key resources,nationalization-of-key-resources,Do you support Nationalization of key resources?,"This poll asks for your view on a political issue, policy, or public figure development. Consider the potential benefits, risks, and trade-offs linked to “Nationalization of key resources”, then choose Support, Neutral, or Oppose.",,300,228,122
Sports,Manchester United,manchester-united,Do you support Manchester United?,"This poll covers a sports topic, team, athlete, or rule-related issue and asks where you stand. Consider the potential benefits, risks, and trade-offs linked to “Manchester United”, then choose Support, Neutral, or Oppose.",,130,189,256
Sports,Manchester City,manchester-city,Do you support Manchester City?,"This poll covers a sports topic, team, athlete, or rule-related issue and asks where you stand. Consider the potential benefits, risks, and trade-offs linked to “Manchester City”, then choose Support, Neutral, or Oppose.",,218,300,191
Sports,New England Patriots,new-england-patriots,Do you support New England Patriots?,"This poll covers a sports topic, team, athlete, or rule-related issue and asks where you stand. Consider the potential benefits, risks, and trade-offs linked to “New England Patriots”, then choose Support, Neutral, or Oppose.",,67,143,42
Sports,Pittsburgh Steelers,pittsburgh-steelers,Do you support Pittsburgh Steelers?,"This poll covers a sports topic, team, athlete, or rule-related issue and asks where you stand. Consider the potential benefits, risks, and trade-offs linked to “Pittsburgh Steelers”, then choose Support, Neutral, or Oppose.",,163,213,202
Sports,Dallas Cowboys,dallas-cowboys,Do you support Dallas Cowboys?,"This poll covers a sports topic, team, athlete, or rule-related issue and asks where you stand. Consider the potential benefits, risks, and trade-offs linked to “Dallas Cowboys”, then choose Support, Neutral, or Oppose.",,152,181,300
Sports,San Francisco 49ers,san-francisco-49ers,Do you support San Francisco 49ers?,"This poll covers a sports topic, team, athlete, or rule-related issue and asks where you stand. Consider the potential benefits, risks, and trade-offs linked to “San Francisco 49ers”, then choose Support, Neutral, or Oppose.",,101,225,133
Sports,Roger Federer not taking the COVID…,roger-federer-not-taking-the-covid-vaccine,Do you support Roger Federer not taking the COVID vaccine?,"This poll covers a sports topic, team, athlete, or rule-related issue and asks where you stand. Consider the potential benefits, risks, and trade-offs linked to “Roger Federer not taking the COVID vaccine”, then choose Support, Neutral, or Oppose.",,143,126,90
Sports,VAR technology in football,var-technology-in-football,Do you support VAR technology in football?,"This poll covers a sports topic, team, athlete, or rule-related issue and asks where you stand. Consider the potential benefits, risks, and trade-offs linked to “VAR technology in football”, then choose Support, Neutral, or Oppose.",,86,182,136
Sports,Salary caps in football,salary-caps-in-football,Do you support Salary caps in football?,"This poll covers a sports topic, team, athlete, or rule-related issue and asks where you stand. Consider the potential benefits, risks, and trade-offs linked to “Salary caps in football”, then choose Support, Neutral, or Oppose.",,196,300,223
Sports,Super League-style competitions,super-league-style-competitions,Do you support Super League-style competitions?,"This poll covers a sports topic, team, athlete, or rule-related issue and asks where you stand. Consider the potential benefits, risks, and trade-offs linked to “Super League-style competitions”, then choose Support, Neutral, or Oppose.",,130,291,235
Sports,Women competing against men,women-competing-against-men-in-certain-sports,Do you support Women competing against men in certain sports?,"This poll covers a sports topic, team, athlete, or rule-related issue and asks where you stand. Consider the potential benefits, risks, and trade-offs linked to “Women competing against men in certain sports”, then choose Support, Neutral, or Oppose.",,48,99,52
Sports,Athletes speaking,athletes-speaking-on-political-issues,Do you support Athletes speaking on political issues?,"This poll covers a sports topic, team, athlete, or rule-related issue and asks where you stand. Consider the potential benefits, risks, and trade-offs linked to “Athletes speaking on political issues”, then choose Support, Neutral, or Oppose.",,66,248,82
Sports,Sports betting partnerships with l…,sports-betting-partnerships-with-leagues,Do you support Sports betting partnerships with leagues?,"This poll covers a sports topic, team, athlete, or rule-related issue and asks where you stand. Consider the potential benefits, risks, and trade-offs linked to “Sports betting partnerships with leagues”, then choose Support, Neutral, or Oppose.",,129,300,204
Sports,Saudi investment in global sports,saudi-investment-in-global-sports,Do you support Saudi investment in global sports?,"This poll covers a sports topic, team, athlete, or rule-related issue and asks where you stand. Consider the potential benefits, risks, and trade-offs linked to “Saudi investment in global sports”, then choose Support, Neutral, or Oppose.",,22,122,75
Sports,Olympics expanding new sports,olympics-expanding-new-sports,Do you support Olympics expanding new sports?,"This poll covers a sports topic, team, athlete, or rule-related issue and asks where you stand. Consider the potential benefits, risks, and trade-offs linked to “Olympics expanding new sports”, then choose Support, Neutral, or Oppose.",,71,204,163
Sports,Shorter cricket formats replacing…,shorter-cricket-formats-replacing-tests,Do you support Shorter cricket formats replacing Tests?,"This poll covers a sports topic, team, athlete, or rule-related issue and asks where you stand. Consider the potential benefits, risks, and trade-offs linked to “Shorter cricket formats replacing Tests”, then choose Support, Neutral, or Oppose.",,71,123,123
Sports,The NFL expanding internationally,the-nfl-expanding-internationally,Do you support The NFL expanding internationally?,"This poll covers a sports topic, team, athlete, or rule-related issue and asks where you stand. Consider the potential benefits, risks, and trade-offs linked to “The NFL expanding internationally”, then choose Support, Neutral, or Oppose.",,181,300,152
Sports,A salary cap in European football,a-salary-cap-in-european-football,Do you support A salary cap in European football?,"This poll covers a sports topic, team, athlete, or rule-related issue and asks where you stand. Consider the potential benefits, risks, and trade-offs linked to “A salary cap in European football”, then choose Support, Neutral, or Oppose.",,103,214,124
Sports,College athletes being paid,college-athletes-being-paid,Do you support College athletes being paid?,"This poll covers a sports topic, team, athlete, or rule-related issue and asks where you stand. Consider the potential benefits, risks, and trade-offs linked to “College athletes being paid”, then choose Support, Neutral, or Oppose.",,32,107,41
Sports,Boxing influencer fights,boxing-influencer-fights,Do you support Boxing influencer fights?,"This poll covers a sports topic, team, athlete, or rule-related issue and asks where you stand. Consider the potential benefits, risks, and trade-offs linked to “Boxing influencer fights”, then choose Support, Neutral, or Oppose.",,79,187,85
Sports,Formula 1 sprint races,formula-1-sprint-races,Do you support Formula 1 sprint races?,"This poll covers a sports topic, team, athlete, or rule-related issue and asks where you stand. Consider the potential benefits, risks, and trade-offs linked to “Formula 1 sprint races”, then choose Support, Neutral, or Oppose.",,57,89,44
Sports,AI referees replacing human refs,ai-referees-replacing-human-refs,Do you support AI referees replacing human refs?,"This poll covers a sports topic, team, athlete, or rule-related issue and asks where you stand. Consider the potential benefits, risks, and trade-offs linked to “AI referees replacing human refs”, then choose Support, Neutral, or Oppose.",,140,139,112
Sports,Strict concussion protocols,strict-concussion-protocols,Do you support Strict concussion protocols?,"This poll covers a sports topic, team, athlete, or rule-related issue and asks where you stand. Consider the potential benefits, risks, and trade-offs linked to “Strict concussion protocols”, then choose Support, Neutral, or Oppose.",,101,238,300
Sports,Transgender athletes in elite sport,transgender-athletes-in-elite-sport,Do you support Transgender athletes in elite sport?,"This poll covers a sports topic, team, athlete, or rule-related issue and asks where you stand. Consider the potential benefits, risks, and trade-offs linked to “Transgender athletes in elite sport”, then choose Support, Neutral, or Oppose.",,300,184,180
Sports,World Cup every two years,world-cup-every-two-years,Do you support World Cup every two years?,"This poll covers a sports topic, team, athlete, or rule-related issue and asks where you stand. Consider the potential benefits, risks, and trade-offs linked to “World Cup every two years”, then choose Support, Neutral, or Oppose.",,68,141,69
Sports,Olympics hosting rotation system,olympics-hosting-rotation-system,Do you support Olympics hosting rotation system?,"This poll covers a sports topic, team, athlete, or rule-related issue and asks where you stand. Consider the potential benefits, risks, and trade-offs linked to “Olympics hosting rotation system”, then choose Support, Neutral, or Oppose.",,122,183,82
Sports,Banning performance-enhancing drugs,banning-performance-enhancing-drugs-for-life,Do you support Banning performance-enhancing drugs for life?,"This poll covers a sports topic, team, athlete, or rule-related issue and asks where you stand. Consider the potential benefits, risks, and trade-offs linked to “Banning performance-enhancing drugs for life”, then choose Support, Neutral, or Oppose.",,162,204,300
Sports,Esports in the Olympics,esports-in-the-olympics,Do you support Esports in the Olympics?,"This poll covers a sports topic, team, athlete, or rule-related issue and asks where you stand. Consider the potential benefits, risks, and trade-offs linked to “Esports in the Olympics”, then choose Support, Neutral, or Oppose.",,120,162,92
Sports,Athletes skipping national teams,athletes-skipping-national-teams-for-club-money,Do you support Athletes skipping national teams for club money?,"This poll covers a sports topic, team, athlete, or rule-related issue and asks where you stand. Consider the potential benefits, risks, and trade-offs linked to “Athletes skipping national teams for club money”, then choose Support, Neutral, or Oppose.",,196,300,197
Sports,VAR in every professional league,var-in-every-professional-league,Do you support VAR in every professional league?,"This poll covers a sports topic, team, athlete, or rule-related issue and asks where you stand. Consider the potential benefits, risks, and trade-offs linked to “VAR in every professional league”, then choose Support, Neutral, or Oppose.",,202,249,209
Sports,NFL games played permanently,nfl-games-played-permanently-in-europe,Do you support NFL games played permanently in Europe?,"This poll covers a sports topic, team, athlete, or rule-related issue and asks where you stand. Consider the potential benefits, risks, and trade-offs linked to “NFL games played permanently in Europe”, then choose Support, Neutral, or Oppose.",,103,81,89
Sports,Salary equality between men’s & wo…,salary-equality-between-mens-and-womens-sports,Do you support Salary equality between men’s and women’s sports?,"This poll covers a sports topic, team, athlete, or rule-related issue and asks where you stand. Consider the potential benefits, risks, and trade-offs linked to “Salary equality between men’s and women’s sports”, then choose Support, Neutral, or Oppose.",,84,36,60
Sports,Athletes using political celebrati…,athletes-using-political-celebrations,Do you support Athletes using political celebrations?,"This poll covers a sports topic, team, athlete, or rule-related issue and asks where you stand. Consider the potential benefits, risks, and trade-offs linked to “Athletes using political celebrations”, then choose Support, Neutral, or Oppose.",,48,57,107
Sports,National anthem protests,national-anthem-protests,Do you support National anthem protests?,"This poll covers a sports topic, team, athlete, or rule-related issue and asks where you stand. Consider the potential benefits, risks, and trade-offs linked to “National anthem protests”, then choose Support, Neutral, or Oppose.",,152,251,96
Sports,Expansion of major sports leagues,expansion-of-major-sports-leagues,Do you support Expansion of major sports leagues?,"This poll covers a sports topic, team, athlete, or rule-related issue and asks where you stand. Consider the potential benefits, risks, and trade-offs linked to “Expansion of major sports leagues”, then choose Support, Neutral, or Oppose.",,155,170,94
Creator,MrBeast launching a major streamin…,mrbeast-launching-a-major-streaming-platform,Do you support MrBeast launching a major streaming platform?,"This poll focuses on a creator/influencer topic and how audiences may respond over time. Consider the potential benefits, risks, and trade-offs linked to “MrBeast launching a major streaming platform”, then choose Support, Neutral, or Oppose.",,115,83,86
Creator,Social media influencers replacing…,social-media-influencers-replacing-actors,Do you support Social media influencers replacing actors?,"This poll focuses on a creator/influencer topic and how audiences may respond over time. Consider the potential benefits, risks, and trade-offs linked to “Social media influencers replacing actors”, then choose Support, Neutral, or Oppose.",,129,195,160
Creator,Creators becoming billionaires,creators-becoming-billionaires,Do you support Creators becoming billionaires?,"This poll focuses on a creator/influencer topic and how audiences may respond over time. Consider the potential benefits, risks, and trade-offs linked to “Creators becoming billionaires”, then choose Support, Neutral, or Oppose.",,108,90,123
Creator,YouTubers entering professional sp…,youtubers-entering-professional-sports,Do you support YouTubers entering professional sports?,"This poll focuses on a creator/influencer topic and how audiences may respond over time. Consider the potential benefits, risks, and trade-offs linked to “YouTubers entering professional sports”, then choose Support, Neutral, or Oppose.",,169,178,81
Creator,Kick replacing Twitch as the top p…,kick-replacing-twitch-as-the-top-platform,Do you support Kick replacing Twitch as the top platform?,"This poll focuses on a creator/influencer topic and how audiences may respond over time. Consider the potential benefits, risks, and trade-offs linked to “Kick replacing Twitch as the top platform”, then choose Support, Neutral, or Oppose.",,44,86,141
Creator,Creators launching political movem…,creators-launching-political-movements,Do you support Creators launching political movements?,"This poll focuses on a creator/influencer topic and how audiences may respond over time. Consider the potential benefits, risks, and trade-offs linked to “Creators launching political movements”, then choose Support, Neutral, or Oppose.",,98,176,53
Creator,AI-generated creators competing wi…,ai-generated-creators-competing-with-humans,Do you support AI-generated creators competing with humans?,"This poll focuses on a creator/influencer topic and how audiences may respond over time. Consider the potential benefits, risks, and trade-offs linked to “AI-generated creators competing with humans”, then choose Support, Neutral, or Oppose.",,36,150,52
Creator,Subscription-only creator content,subscription-only-creator-content,Do you support Subscription-only creator content?,"This poll focuses on a creator/influencer topic and how audiences may respond over time. Consider the potential benefits, risks, and trade-offs linked to “Subscription-only creator content”, then choose Support, Neutral, or Oppose.",,34,90,73
Creator,Creator-owned brands replacing big…,creator-owned-brands-replacing-big-brands,Do you support Creator-owned brands replacing big brands?,"This poll focuses on a creator/influencer topic and how audiences may respond over time. Consider the potential benefits, risks, and trade-offs linked to “Creator-owned brands replacing big brands”, then choose Support, Neutral, or Oppose.",,20,85,250
Creator,Influencers promoting gambling,influencers-promoting-gambling,Do you support Influencers promoting gambling?,"This poll focuses on a creator/influencer topic and how audiences may respond over time. Consider the potential benefits, risks, and trade-offs linked to “Influencers promoting gambling”, then choose Support, Neutral, or Oppose.",,37,161,38
Creator,Kids becoming full-time creators,kids-becoming-full-time-creators,Do you support Kids becoming full-time creators?,"This poll focuses on a creator/influencer topic and how audiences may respond over time. Consider the potential benefits, risks, and trade-offs linked to “Kids becoming full-time creators”, then choose Support, Neutral, or Oppose.",,66,225,73
Creator,Regulation of influencer advertisi…,regulation-of-influencer-advertising,Do you support Regulation of influencer advertising?,"This poll focuses on a creator/influencer topic and how audiences may respond over time. Consider the potential benefits, risks, and trade-offs linked to “Regulation of influencer advertising”, then choose Support, Neutral, or Oppose.",,105,214,107
Creator,YouTubers running,youtubers-running-for-political-office,Do you support YouTubers running for political office?,"This poll focuses on a creator/influencer topic and how audiences may respond over time. Consider the potential benefits, risks, and trade-offs linked to “YouTubers running for political office”, then choose Support, Neutral, or Oppose.",,127,289,125
Creator,Creator boxing events,creator-boxing-events,Do you support Creator boxing events?,"This poll focuses on a creator/influencer topic and how audiences may respond over time. Consider the potential benefits, risks, and trade-offs linked to “Creator boxing events”, then choose Support, Neutral, or Oppose.",,172,205,90
Creator,Platforms paying creators minimum…,platforms-paying-creators-minimum-salaries,Do you support Platforms paying creators minimum salaries?,"This poll focuses on a creator/influencer topic and how audiences may respond over time. Consider the potential benefits, risks, and trade-offs linked to “Platforms paying creators minimum salaries”, then choose Support, Neutral, or Oppose.",,218,274,102
Creator,AI editing replacing human editors,ai-editing-replacing-human-editors,Do you support AI editing replacing human editors?,"This poll focuses on a creator/influencer topic and how audiences may respond over time. Consider the potential benefits, risks, and trade-offs linked to “AI editing replacing human editors”, then choose Support, Neutral, or Oppose.",,123,130,300
Creator,Creator unions,creator-unions,Do you support Creator unions?,"This poll focuses on a creator/influencer topic and how audiences may respond over time. Consider the potential benefits, risks, and trade-offs linked to “Creator unions”, then choose Support, Neutral, or Oppose.",,85,174,110
Creator,Government taxes,government-taxes-on-influencer-income,Do you support Government taxes on influencer income?,"This poll focuses on a creator/influencer topic and how audiences may respond over time. Consider the potential benefits, risks, and trade-offs linked to “Government taxes on influencer income”, then choose Support, Neutral, or Oppose.",,24,56,101
Creator,TikTok banning political content,tiktok-banning-political-content,Do you support TikTok banning political content?,"This poll focuses on a creator/influencer topic and how audiences may respond over time. Consider the potential benefits, risks, and trade-offs linked to “TikTok banning political content”, then choose Support, Neutral, or Oppose.",,30,67,190
Creator,Virtual AI influencers replacing r…,virtual-ai-influencers-replacing-real-influencers,Do you support Virtual AI influencers replacing real influencers?,"This poll focuses on a creator/influencer topic and how audiences may respond over time. Consider the potential benefits, risks, and trade-offs linked to “Virtual AI influencers replacing real influencers”, then choose Support, Neutral, or Oppose.",,20,120,254
Creator,Creators running global charities,creators-running-global-charities,Do you support Creators running global charities?,"This poll focuses on a creator/influencer topic and how audiences may respond over time. Consider the potential benefits, risks, and trade-offs linked to “Creators running global charities”, then choose Support, Neutral, or Oppose.",,38,112,53
Creator,Streamers promoting crypto projects,streamers-promoting-crypto-projects,Do you support Streamers promoting crypto projects?,"This poll focuses on a creator/influencer topic and how audiences may respond over time. Consider the potential benefits, risks, and trade-offs linked to “Streamers promoting crypto projects”, then choose Support, Neutral, or Oppose.",,77,211,111
Creator,Exclusive streaming contracts,exclusive-streaming-contracts,Do you support Exclusive streaming contracts?,"This poll focuses on a creator/influencer topic and how audiences may respond over time. Consider the potential benefits, risks, and trade-offs linked to “Exclusive streaming contracts”, then choose Support, Neutral, or Oppose.",,95,155,50
Creator,Short-form content replacing long-…,short-form-content-replacing-long-form,Do you support Short-form content replacing long-form?,"This poll focuses on a creator/influencer topic and how audiences may respond over time. Consider the potential benefits, risks, and trade-offs linked to “Short-form content replacing long-form”, then choose Support, Neutral, or Oppose.",,20,81,102
Creator,Algorithm transparency laws,algorithm-transparency-laws,Do you support Algorithm transparency laws?,"This poll focuses on a creator/influencer topic and how audiences may respond over time. Consider the potential benefits, risks, and trade-offs linked to “Algorithm transparency laws”, then choose Support, Neutral, or Oppose.",,31,86,70
Creator,Creator-run news platforms,creator-run-news-platforms,Do you support Creator-run news platforms?,"This poll focuses on a creator/influencer topic and how audiences may respond over time. Consider the potential benefits, risks, and trade-offs linked to “Creator-run news platforms”, then choose Support, Neutral, or Oppose.",,157,300,137
Creator,YouTube removing dislike counts,youtube-removing-dislike-counts,Do you support YouTube removing dislike counts?,"This poll focuses on a creator/influencer topic and how audiences may respond over time. Consider the potential benefits, risks, and trade-offs linked to “YouTube removing dislike counts”, then choose Support, Neutral, or Oppose.",,141,177,111
Creator,Platforms censoring controversial…,platforms-censoring-controversial-creators,Do you support Platforms censoring controversial creators?,"This poll focuses on a creator/influencer topic and how audiences may respond over time. Consider the potential benefits, risks, and trade-offs linked to “Platforms censoring controversial creators”, then choose Support, Neutral, or Oppose.",,105,236,197
Creator,Creator-led product empires,creator-led-product-empires,Do you support Creator-led product empires?,"This poll focuses on a creator/influencer topic and how audiences may respond over time. Consider the potential benefits, risks, and trade-offs linked to “Creator-led product empires”, then choose Support, Neutral, or Oppose.",,171,203,121
Creator,Multi-platform streaming,multi-platform-streaming,Do you support Multi-platform streaming?,"This poll focuses on a creator/influencer topic and how audiences may respond over time. Consider the potential benefits, risks, and trade-offs linked to “Multi-platform streaming”, then choose Support, Neutral, or Oppose.",,60,122,57
Creator,AI voice clones of creators,ai-voice-clones-of-creators,Do you support AI voice clones of creators?,"This poll focuses on a creator/influencer topic and how audiences may respond over time. Consider the potential benefits, risks, and trade-offs linked to “AI voice clones of creators”, then choose Support, Neutral, or Oppose.",,69,300,288
Business,NVIDIA mfg chips in the USA,nvidia-manufacturing-chips-in-the-usa,Do you support NVIDIA manufacturing chips in the USA?,"This poll focuses on a business or corporate strategy question and its possible economic effects. Consider the potential benefits, risks, and trade-offs linked to “NVIDIA manufacturing chips in the USA”, then choose Support, Neutral, or Oppose.",,176,205,277
Business,Apple opening mfg plants in the USA,apple-opening-manufacturing-plants-in-the-usa,Do you support Apple opening manufacturing plants in the USA?,"This poll focuses on a business or corporate strategy question and its possible economic effects. Consider the potential benefits, risks, and trade-offs linked to “Apple opening manufacturing plants in the USA”, then choose Support, Neutral, or Oppose.",,54,161,79
Business,Airlines adding Starlink internet…,airlines-adding-starlink-internet-to-fleets,Do you support Airlines adding Starlink internet to fleets?,"This poll focuses on a business or corporate strategy question and its possible economic effects. Consider the potential benefits, risks, and trade-offs linked to “Airlines adding Starlink internet to fleets”, then choose Support, Neutral, or Oppose.",,239,143,37
Business,Four-day workweeks becoming standa…,four-day-workweeks-becoming-standard,Do you support Four-day workweeks becoming standard?,"This poll focuses on a business or corporate strategy question and its possible economic effects. Consider the potential benefits, risks, and trade-offs linked to “Four-day workweeks becoming standard”, then choose Support, Neutral, or Oppose.",,189,79,62
Business,Remote work replacing offices,remote-work-replacing-offices,Do you support Remote work replacing offices?,"This poll focuses on a business or corporate strategy question and its possible economic effects. Consider the potential benefits, risks, and trade-offs linked to “Remote work replacing offices”, then choose Support, Neutral, or Oppose.",,20,60,168
Business,Universal basic income funded,universal-basic-income-funded-by-corporations,Do you support Universal basic income funded by corporations?,"This poll focuses on a business or corporate strategy question and its possible economic effects. Consider the potential benefits, risks, and trade-offs linked to “Universal basic income funded by corporations”, then choose Support, Neutral, or Oppose.",,300,198,87
Business,CEO pay caps,ceo-pay-caps,Do you support CEO pay caps?,"This poll focuses on a business or corporate strategy question and its possible economic effects. Consider the potential benefits, risks, and trade-offs linked to “CEO pay caps”, then choose Support, Neutral, or Oppose.",,105,300,122
Business,Corporate DEI programs,corporate-dei-programs,Do you support Corporate DEI programs?,"This poll focuses on a business or corporate strategy question and its possible economic effects. Consider the potential benefits, risks, and trade-offs linked to “Corporate DEI programs”, then choose Support, Neutral, or Oppose.",,126,195,109
Business,Unionization of tech workers,unionization-of-tech-workers,Do you support Unionization of tech workers?,"This poll focuses on a business or corporate strategy question and its possible economic effects. Consider the potential benefits, risks, and trade-offs linked to “Unionization of tech workers”, then choose Support, Neutral, or Oppose.",,46,108,68
Business,Government bailouts,government-bailouts-for-large-companies,Do you support Government bailouts for large companies?,"This poll focuses on a business or corporate strategy question and its possible economic effects. Consider the potential benefits, risks, and trade-offs linked to “Government bailouts for large companies”, then choose Support, Neutral, or Oppose.",,88,142,202
Business,Mandatory ESG reporting,mandatory-esg-reporting,Do you support Mandatory ESG reporting?,"This poll focuses on a business or corporate strategy question and its possible economic effects. Consider the potential benefits, risks, and trade-offs linked to “Mandatory ESG reporting”, then choose Support, Neutral, or Oppose.",,103,127,300
Business,Minimum wage increases globally,minimum-wage-increases-globally,Do you support Minimum wage increases globally?,"This poll focuses on a business or corporate strategy question and its possible economic effects. Consider the potential benefits, risks, and trade-offs linked to “Minimum wage increases globally”, then choose Support, Neutral, or Oppose.",,90,248,197
Business,Automation replacing low-skill jobs,automation-replacing-low-skill-jobs,Do you support Automation replacing low-skill jobs?,"This poll focuses on a business or corporate strategy question and its possible economic effects. Consider the potential benefits, risks, and trade-offs linked to “Automation replacing low-skill jobs”, then choose Support, Neutral, or Oppose.",,93,124,114
Business,Luxury brands raising prices aggre…,luxury-brands-raising-prices-aggressively,Do you support Luxury brands raising prices aggressively?,"This poll focuses on a business or corporate strategy question and its possible economic effects. Consider the potential benefits, risks, and trade-offs linked to “Luxury brands raising prices aggressively”, then choose Support, Neutral, or Oppose.",,173,163,114
Business,Subscription-based everything,subscription-based-everything,Do you support Subscription-based everything?,"This poll focuses on a business or corporate strategy question and its possible economic effects. Consider the potential benefits, risks, and trade-offs linked to “Subscription-based everything”, then choose Support, Neutral, or Oppose.",,224,135,101
Business,Cashless retail stores,cashless-retail-stores,Do you support Cashless retail stores?,"This poll focuses on a business or corporate strategy question and its possible economic effects. Consider the potential benefits, risks, and trade-offs linked to “Cashless retail stores”, then choose Support, Neutral, or Oppose.",,102,156,129
Business,Corporate taxes on AI productivity,corporate-taxes-on-ai-productivity,Do you support Corporate taxes on AI productivity?,"This poll focuses on a business or corporate strategy question and its possible economic effects. Consider the potential benefits, risks, and trade-offs linked to “Corporate taxes on AI productivity”, then choose Support, Neutral, or Oppose.",,163,158,191
Business,State-owned tech companies,state-owned-tech-companies,Do you support State-owned tech companies?,"This poll focuses on a business or corporate strategy question and its possible economic effects. Consider the potential benefits, risks, and trade-offs linked to “State-owned tech companies”, then choose Support, Neutral, or Oppose.",,201,300,190
Business,Shorter workweeks without pay cuts,shorter-workweeks-without-pay-cuts,Do you support Shorter workweeks without pay cuts?,"This poll focuses on a business or corporate strategy question and its possible economic effects. Consider the potential benefits, risks, and trade-offs linked to “Shorter workweeks without pay cuts”, then choose Support, Neutral, or Oppose.",,213,209,101
Business,Companies monitoring employee prod…,companies-monitoring-employee-productivity,Do you support Companies monitoring employee productivity?,"This poll focuses on a business or corporate strategy question and its possible economic effects. Consider the potential benefits, risks, and trade-offs linked to “Companies monitoring employee productivity”, then choose Support, Neutral, or Oppose.",,62,87,98
Business,Gig economy worker protections,gig-economy-worker-protections,Do you support Gig economy worker protections?,"This poll focuses on a business or corporate strategy question and its possible economic effects. Consider the potential benefits, risks, and trade-offs linked to “Gig economy worker protections”, then choose Support, Neutral, or Oppose.",,104,300,112
Business,Big Tech breakups,big-tech-breakups,Do you support Big Tech breakups?,"This poll focuses on a business or corporate strategy question and its possible economic effects. Consider the potential benefits, risks, and trade-offs linked to “Big Tech breakups”, then choose Support, Neutral, or Oppose.",,161,300,158
Business,Work-from-home tax incentives,work-from-home-tax-incentives,Do you support Work-from-home tax incentives?,"This poll focuses on a business or corporate strategy question and its possible economic effects. Consider the potential benefits, risks, and trade-offs linked to “Work-from-home tax incentives”, then choose Support, Neutral, or Oppose.",,91,217,257
Business,Mandatory paid parental leave,mandatory-paid-parental-leave,Do you support Mandatory paid parental leave?,"This poll focuses on a business or corporate strategy question and its possible economic effects. Consider the potential benefits, risks, and trade-offs linked to “Mandatory paid parental leave”, then choose Support, Neutral, or Oppose.",,98,247,132
Business,Companies replacing workers with AI,companies-replacing-workers-with-ai,Do you support Companies replacing workers with AI?,"This poll focuses on a business or corporate strategy question and its possible economic effects. Consider the potential benefits, risks, and trade-offs linked to “Companies replacing workers with AI”, then choose Support, Neutral, or Oppose.",,155,230,300
Business,Universal healthcare funded,universal-healthcare-funded-by-employers,Do you support Universal healthcare funded by employers?,"This poll focuses on a business or corporate strategy question and its possible economic effects. Consider the potential benefits, risks, and trade-offs linked to “Universal healthcare funded by employers”, then choose Support, Neutral, or Oppose.",,300,300,117
Business,Green energy mandates,green-energy-mandates-for-corporations,Do you support Green energy mandates for corporations?,"This poll focuses on a business or corporate strategy question and its possible economic effects. Consider the potential benefits, risks, and trade-offs linked to “Green energy mandates for corporations”, then choose Support, Neutral, or Oppose.",,256,152,289
Business,Government ownership of utilities,government-ownership-of-utilities,Do you support Government ownership of utilities?,"This poll focuses on a business or corporate strategy question and its possible economic effects. Consider the potential benefits, risks, and trade-offs linked to “Government ownership of utilities”, then choose Support, Neutral, or Oppose.",,75,98,205
Business,Corporate social activism,corporate-social-activism,Do you support Corporate social activism?,"This poll focuses on a business or corporate strategy question and its possible economic effects. Consider the potential benefits, risks, and trade-offs linked to “Corporate social activism”, then choose Support, Neutral, or Oppose.",,159,258,245
Business,AI replacing customer service jobs,ai-replacing-customer-service-jobs,Do you support AI replacing customer service jobs?,"This poll focuses on a business or corporate strategy question and its possible economic effects. Consider the potential benefits, risks, and trade-offs linked to “AI replacing customer service jobs”, then choose Support, Neutral, or Oppose.",,75,87,269
Business,Digital-only banks,digital-only-banks,Do you support Digital-only banks?,"This poll focuses on a business or corporate strategy question and its possible economic effects. Consider the potential benefits, risks, and trade-offs linked to “Digital-only banks”, then choose Support, Neutral, or Oppose.",,177,187,300
Business,Global minimum wage,global-minimum-wage,Do you support Global minimum wage?,"This poll focuses on a business or corporate strategy question and its possible economic effects. Consider the potential benefits, risks, and trade-offs linked to “Global minimum wage”, then choose Support, Neutral, or Oppose.",,122,216,69
Business,Pay transparency laws,pay-transparency-laws,Do you support Pay transparency laws?,"This poll focuses on a business or corporate strategy question and its possible economic effects. Consider the potential benefits, risks, and trade-offs linked to “Pay transparency laws”, then choose Support, Neutral, or Oppose.",,93,237,207
Business,Robots in warehouses,robots-in-warehouses,Do you support Robots in warehouses?,"This poll focuses on a business or corporate strategy question and its possible economic effects. Consider the potential benefits, risks, and trade-offs linked to “Robots in warehouses”, then choose Support, Neutral, or Oppose.",,172,152,96
Business,Companies offering unlimited vacat…,companies-offering-unlimited-vacation,Do you support Companies offering unlimited vacation?,"This poll focuses on a business or corporate strategy question and its possible economic effects. Consider the potential benefits, risks, and trade-offs linked to “Companies offering unlimited vacation”, then choose Support, Neutral, or Oppose.",,58,89,70
Music,Streaming replacing cinemas entire…,streaming-replacing-cinemas-entirely,Do you support Streaming replacing cinemas entirely?,"This poll focuses on a music-related topic, artist, or industry trend and asks for your view. Consider the potential benefits, risks, and trade-offs linked to “Streaming replacing cinemas entirely”, then choose Support, Neutral, or Oppose.",,113,217,229
Music,Celebrities using AI versions of t…,celebrities-using-ai-versions-of-themselves,Do you support Celebrities using AI versions of themselves?,"This poll focuses on a music-related topic, artist, or industry trend and asks for your view. Consider the potential benefits, risks, and trade-offs linked to “Celebrities using AI versions of themselves”, then choose Support, Neutral, or Oppose.",,101,228,113
Music,K-pop becoming the dominant global…,k-pop-becoming-the-dominant-global-music-genre,Do you support K-pop becoming the dominant global music genre?,"This poll focuses on a music-related topic, artist, or industry trend and asks for your view. Consider the potential benefits, risks, and trade-offs linked to “K-pop becoming the dominant global music genre”, then choose Support, Neutral, or Oppose.",,50,128,92
Music,Concert ticket price caps,concert-ticket-price-caps,Do you support Concert ticket price caps?,"This poll focuses on a music-related topic, artist, or industry trend and asks for your view. Consider the potential benefits, risks, and trade-offs linked to “Concert ticket price caps”, then choose Support, Neutral, or Oppose.",,123,298,100
Music,Hologram concerts of deceased arti…,hologram-concerts-of-deceased-artists,Do you support Hologram concerts of deceased artists?,"This poll focuses on a music-related topic, artist, or industry trend and asks for your view. Consider the potential benefits, risks, and trade-offs linked to “Hologram concerts of deceased artists”, then choose Support, Neutral, or Oppose.",,39,114,43
Music,AI-written hit songs,ai-written-hit-songs,Do you support AI-written hit songs?,"This poll focuses on a music-related topic, artist, or industry trend and asks for your view. Consider the potential benefits, risks, and trade-offs linked to “AI-written hit songs”, then choose Support, Neutral, or Oppose.",,87,145,41
Music,Streaming platforms merging,streaming-platforms-merging,Do you support Streaming platforms merging?,"This poll focuses on a music-related topic, artist, or industry trend and asks for your view. Consider the potential benefits, risks, and trade-offs linked to “Streaming platforms merging”, then choose Support, Neutral, or Oppose.",,75,208,116
Music,Virtual concerts in the metaverse,virtual-concerts-in-the-metaverse,Do you support Virtual concerts in the metaverse?,"This poll focuses on a music-related topic, artist, or industry trend and asks for your view. Consider the potential benefits, risks, and trade-offs linked to “Virtual concerts in the metaverse”, then choose Support, Neutral, or Oppose.",,76,197,109
Music,Ban on deepfake celebrity content,ban-on-deepfake-celebrity-content,Do you support Ban on deepfake celebrity content?,"This poll focuses on a music-related topic, artist, or industry trend and asks for your view. Consider the potential benefits, risks, and trade-offs linked to “Ban on deepfake celebrity content”, then choose Support, Neutral, or Oppose.",,94,82,300
Music,Celebrities endorsing political pa…,celebrities-endorsing-political-parties,Do you support Celebrities endorsing political parties?,"This poll focuses on a music-related topic, artist, or industry trend and asks for your view. Consider the potential benefits, risks, and trade-offs linked to “Celebrities endorsing political parties”, then choose Support, Neutral, or Oppose.",,81,149,118
Music,Global music charts dominated,global-music-charts-dominated-by-non-english-songs,Do you support Global music charts dominated by non-English songs?,"This poll focuses on a music-related topic, artist, or industry trend and asks for your view. Consider the potential benefits, risks, and trade-offs linked to “Global music charts dominated by non-English songs”, then choose Support, Neutral, or Oppose.",,131,195,152
Music,Fan voting deciding major awards,fan-voting-deciding-major-awards,Do you support Fan voting deciding major awards?,"This poll focuses on a music-related topic, artist, or industry trend and asks for your view. Consider the potential benefits, risks, and trade-offs linked to “Fan voting deciding major awards”, then choose Support, Neutral, or Oppose.",,99,217,56
Custom Topic,AI-generated movies,ai-generated-movies,Do you support AI-generated movies?,"This is an open-topic sentiment poll designed to capture public opinion on a broad issue. Consider the potential benefits, risks, and trade-offs linked to “AI-generated movies”, then choose Support, Neutral, or Oppose.",,182,300,171
Custom Topic,Celebrities entering politics,celebrities-entering-politics,Do you support Celebrities entering politics?,"This is an open-topic sentiment poll designed to capture public opinion on a broad issue. Consider the potential benefits, risks, and trade-offs linked to “Celebrities entering politics”, then choose Support, Neutral, or Oppose.",,138,146,33
Custom Topic,Lab-grown meat replacing real meat,lab-grown-meat-replacing-real-meat,Do you support Lab-grown meat replacing real meat?,"This is an open-topic sentiment poll designed to capture public opinion on a broad issue. Consider the potential benefits, risks, and trade-offs linked to “Lab-grown meat replacing real meat”, then choose Support, Neutral, or Oppose.",,105,274,300
Custom Topic,Four-day global workweek,four-day-global-workweek,Do you support Four-day global workweek?,"This is an open-topic sentiment poll designed to capture public opinion on a broad issue. Consider the potential benefits, risks, and trade-offs linked to “Four-day global workweek”, then choose Support, Neutral, or Oppose.",,85,223,175
Custom Topic,Living on the Moon by 2040,living-on-the-moon-by-2040,Do you support Living on the Moon by 2040?,"This is an open-topic sentiment poll designed to capture public opinion on a broad issue. Consider the potential benefits, risks, and trade-offs linked to “Living on the Moon by 2040”, then choose Support, Neutral, or Oppose.",,101,220,128
Custom Topic,Award shows losing relevance,award-shows-losing-relevance,Do you support Award shows losing relevance?,"This is an open-topic sentiment poll designed to capture public opinion on a broad issue. Consider the potential benefits, risks, and trade-offs linked to “Award shows losing relevance”, then choose Support, Neutral, or Oppose.",,85,257,102
Custom Topic,Humans colonizing Mars,humans-colonizing-mars,Do you support Humans colonizing Mars?,"This is an open-topic sentiment poll designed to capture public opinion on a broad issue. Consider the potential benefits, risks, and trade-offs linked to “Humans colonizing Mars”, then choose Support, Neutral, or Oppose.",,69,91,37
Custom Topic,Universal basic income worldwide,universal-basic-income-worldwide,Do you support Universal basic income worldwide?,"This is an open-topic sentiment poll designed to capture public opinion on a broad issue. Consider the potential benefits, risks, and trade-offs linked to “Universal basic income worldwide”, then choose Support, Neutral, or Oppose.",,121,78,75
Custom Topic,Banning plastic packaging,banning-plastic-packaging,Do you support Banning plastic packaging?,"This is an open-topic sentiment poll designed to capture public opinion on a broad issue. Consider the potential benefits, risks, and trade-offs linked to “Banning plastic packaging”, then choose Support, Neutral, or Oppose.",,44,111,132
Custom Topic,Cashless societies,cashless-societies,Do you support Cashless societies?,"This is an open-topic sentiment poll designed to capture public opinion on a broad issue. Consider the potential benefits, risks, and trade-offs linked to “Cashless societies”, then choose Support, Neutral, or Oppose.",,194,300,192
Custom Topic,AI therapists replacing human ther…,ai-therapists-replacing-human-therapists,Do you support AI therapists replacing human therapists?,"This is an open-topic sentiment poll designed to capture public opinion on a broad issue. Consider the potential benefits, risks, and trade-offs linked to “AI therapists replacing human therapists”, then choose Support, Neutral, or Oppose.",,20,278,270
Custom Topic,Remote schooling as the default,remote-schooling-as-the-default,Do you support Remote schooling as the default?,"This is an open-topic sentiment poll designed to capture public opinion on a broad issue. Consider the potential benefits, risks, and trade-offs linked to “Remote schooling as the default”, then choose Support, Neutral, or Oppose.",,92,139,106
Custom Topic,Legalization of psychedelics world…,legalization-of-psychedelics-worldwide,Do you support Legalization of psychedelics worldwide?,"This is an open-topic sentiment poll designed to capture public opinion on a broad issue. Consider the potential benefits, risks, and trade-offs linked to “Legalization of psychedelics worldwide”, then choose Support, Neutral, or Oppose.",,151,278,153
Custom Topic,Ban on animal testing,ban-on-animal-testing,Do you support Ban on animal testing?,"This is an open-topic sentiment poll designed to capture public opinion on a broad issue. Consider the potential benefits, risks, and trade-offs linked to “Ban on animal testing”, then choose Support, Neutral, or Oppose.",,26,194,197
Custom Topic,Universal digital identity,universal-digital-identity,Do you support Universal digital identity?,"This is an open-topic sentiment poll designed to capture public opinion on a broad issue. Consider the potential benefits, risks, and trade-offs linked to “Universal digital identity”, then choose Support, Neutral, or Oppose.",,38,126,21
Custom Topic,Global climate lockdowns,global-climate-lockdowns,Do you support Global climate lockdowns?,"This is an open-topic sentiment poll designed to capture public opinion on a broad issue. Consider the potential benefits, risks, and trade-offs linked to “Global climate lockdowns”, then choose Support, Neutral, or Oppose.",,166,277,102
Custom Topic,Mandatory carbon quotas,mandatory-carbon-quotas-for-individuals,Do you support Mandatory carbon quotas for individuals?,"This is an open-topic sentiment poll designed to capture public opinion on a broad issue. Consider the potential benefits, risks, and trade-offs linked to “Mandatory carbon quotas for individuals”, then choose Support, Neutral, or Oppose.",,42,131,215
Custom Topic,Gene editing for disease prevention,gene-editing-for-disease-prevention,Do you support Gene editing for disease prevention?,"This is an open-topic sentiment poll designed to capture public opinion on a broad issue. Consider the potential benefits, risks, and trade-offs linked to “Gene editing for disease prevention”, then choose Support, Neutral, or Oppose.",,62,149,112
Custom Topic,Genetic enhancement of children,genetic-enhancement-of-children,Do you support Genetic enhancement of children?,"This is an open-topic sentiment poll designed to capture public opinion on a broad issue. Consider the potential benefits, risks, and trade-offs linked to “Genetic enhancement of children”, then choose Support, Neutral, or Oppose.",,71,96,89
Custom Topic,Space tourism for the middle class,space-tourism-for-the-middle-class,Do you support Space tourism for the middle class?,"This is an open-topic sentiment poll designed to capture public opinion on a broad issue. Consider the potential benefits, risks, and trade-offs linked to “Space tourism for the middle class”, then choose Support, Neutral, or Oppose.",,212,292,76
Custom Topic,Underwater cities,underwater-cities,Do you support Underwater cities?,"This is an open-topic sentiment poll designed to capture public opinion on a broad issue. Consider the potential benefits, risks, and trade-offs linked to “Underwater cities”, then choose Support, Neutral, or Oppose.",,54,137,51
Custom Topic,Electric-only transport systems,electric-only-transport-systems,Do you support Electric-only transport systems?,"This is an open-topic sentiment poll designed to capture public opinion on a broad issue. Consider the potential benefits, risks, and trade-offs linked to “Electric-only transport systems”, then choose Support, Neutral, or Oppose.",,135,268,108
Custom Topic,Global ban on fossil fuels,global-ban-on-fossil-fuels,Do you support Global ban on fossil fuels?,"This is an open-topic sentiment poll designed to capture public opinion on a broad issue. Consider the potential benefits, risks, and trade-offs linked to “Global ban on fossil fuels”, then choose Support, Neutral, or Oppose.",,20,217,154
Custom Topic,Mandatory retirement ages,mandatory-retirement-ages,Do you support Mandatory retirement ages?,"This is an open-topic sentiment poll designed to capture public opinion on a broad issue. Consider the potential benefits, risks, and trade-offs linked to “Mandatory retirement ages”, then choose Support, Neutral, or Oppose.",,20,61,291
Custom Topic,Cities banning private cars,cities-banning-private-cars,Do you support Cities banning private cars?,"This is an open-topic sentiment poll designed to capture public opinion on a broad issue. Consider the potential benefits, risks, and trade-offs linked to “Cities banning private cars”, then choose Support, Neutral, or Oppose.",,106,271,300
Custom Topic,Universal healthcare worldwide,universal-healthcare-worldwide,Do you support Universal healthcare worldwide?,"This is an open-topic sentiment poll designed to capture public opinion on a broad issue. Consider the potential benefits, risks, and trade-offs linked to “Universal healthcare worldwide”, then choose Support, Neutral, or Oppose.",,215,206,76
Custom Topic,AI-run governments,ai-run-governments,Do you support AI-run governments?,"This is an open-topic sentiment poll designed to capture public opinion on a broad issue. Consider the potential benefits, risks, and trade-offs linked to “AI-run governments”, then choose Support, Neutral, or Oppose.",,49,120,265
Custom Topic,Population control policies,population-control-policies,Do you support Population control policies?,"This is an open-topic sentiment poll designed to capture public opinion on a broad issue. Consider the potential benefits, risks, and trade-offs linked to “Population control policies”, then choose Support, Neutral, or Oppose.",,24,49,139
Custom Topic,Universal free internet,universal-free-internet,Do you support Universal free internet?,"This is an open-topic sentiment poll designed to capture public opinion on a broad issue. Consider the potential benefits, risks, and trade-offs linked to “Universal free internet”, then choose Support, Neutral, or Oppose.",,214,300,205
Custom Topic,Legal rights for AI entities,legal-rights-for-ai-entities,Do you support Legal rights for AI entities?,"This is an open-topic sentiment poll designed to capture public opinion on a broad issue. Consider the potential benefits, risks, and trade-offs linked to “Legal rights for AI entities”, then choose Support, Neutral, or Oppose.",,130,187,171
Custom Topic,Human life expectancy over 120 yea…,human-life-expectancy-over-120-years,Do you support Human life expectancy over 120 years?,"This is an open-topic sentiment poll designed to capture public opinion on a broad issue. Consider the potential benefits, risks, and trade-offs linked to “Human life expectancy over 120 years”, then choose Support, Neutral, or Oppose.",,187,286,153
Custom Topic,Robot caregivers for the elderly,robot-caregivers-for-the-elderly,Do you support Robot caregivers for the elderly?,"This is an open-topic sentiment poll designed to capture public opinion on a broad issue. Consider the potential benefits, risks, and trade-offs linked to “Robot caregivers for the elderly”, then choose Support, Neutral, or Oppose.",,80,126,61
Custom Topic,Virtual reality replacing travel,virtual-reality-replacing-travel,Do you support Virtual reality replacing travel?,"This is an open-topic sentiment poll designed to capture public opinion on a broad issue. Consider the potential benefits, risks, and trade-offs linked to “Virtual reality replacing travel”, then choose Support, Neutral, or Oppose.",,121,152,124
